Label,Description
Environmental Concern,"Brake pad dust can be more toxic than exhaust emissions, study says"
Environmental Benefit,"EVs and datacentres driving new global ‘age of electricity’, says watchdog"
Economic Challenge,EV drivers spend extra £85m on VAT when using public chargers
Economic Challenge,UK used electric vehicle sales hit record last year as prices fell
Environmental Benefit,Promoting green growth does not make you an ‘eco-nutter’. It’s the only way forward
Economic Challenge,Trump administration suspends $5bn electric vehicle charging program
Environmental Benefit,Elon Musk’s journey from climate champion to backing EV-bashing Trump
Environmental Benefit,"Bradford clean air zone saves NHS over £30,000 a month in first year"
Economic Challenge,UK reportedly planning electric car loan subsidies to push sales
Economic Challenge,"How Trump tariffs could upend car markets in Europe, the US and China"
Environmental Benefit,"Electric cars in UK last as long as petrol and diesel vehicles, study finds"
Economic Challenge,Explained: how Trump’s day one orders reveal a White House for big oil
Economic Challenge,Trump revokes Biden order that had set 50% electric vehicles target for 2030
Environmental Concern,UK charging firm warns over changes to electric car sales amid ‘difficult’ market
Economic Challenge,All carmakers in UK to escape fines for missing electric car sales targets in 2024
Environmental Benefit,Amazon makes ‘largest ever’ UK order of electric trucks to cut carbon emissions
Economic Challenge,Warmer homes and healthier people: what’s not to like about a low-carbon future?
Environmental Concern,How to make the heat-pump transition take off
Economic Challenge,Elon Musk’s Tesla has received almost £200m in UK grants since 2016
Economic Advantage,Record number of electric cars were sold in UK during 2024
Environmental Concern,Early phase-out of full hybrid vehicles may be a political risk too far for UK ministers
Environmental Concern,Starmer faces test of climate leadership with big decisions on carbon budget
Economic Challenge,"Disparities in EV charging provision risk drop-off in UK transition, study warns"
Economic Challenge,"UK public electric car chargers rose by a third in 2024 to more than 70,000"
Environmental Concern,BYD construction site in Brazil shut over ‘slavery-like’ conditions
Economic Challenge,UK car industry hails plan for Prius-style hybrids to stay on sale after 2030
Environmental Benefit,The Guardian view on Britain’s spluttering EV market: a recharge is needed
Environmental Benefit,Make better use of neighbourhood EV charging
Economic Challenge,Tesla sales in Australia are sliding for the first time. Is it stiff competition or the Musk factor?
Environmental Benefit,Chargers are key to the electric vehicle transition
Economic Advantage,China’s share of global electric car market rises to 76%
Environmental Benefit,Jaguar boss says it has shown ‘fearless creativity’ with new electric car
Environmental Benefit,"Cheaper loans on table to urge UK motorists to EVs, plus cuts in fines for firms"
Economic Advantage,"If we delay the UK’s drive for electric vehicles, our rivals will overtake us"
Environmental Benefit,UK could loosen EV rules to allow sales of Prius-style hybrids until 2035
Economic Advantage,Starmer has discovered a tricky truth about the electric vehicles transition: there’s no gain without pain
Environmental Benefit,Vauxhall owner was ‘confident’ about meeting EV rules before factory shutdown
Environmental Concern,Electric shock: carmakers battle strict UK electric car rules as big fines loom
Economic Challenge,"Don’t waver on electric car targets, big UK businesses tell Labour"
Economic Challenge,Trump transition team plans to kill Biden’s electric vehicle tax credit
Environmental Concern,Britons need greener travel options to meet net zero target
Economic Advantage,The 10 best electric cars to buy if you want to avoid Tesla
Economic Advantage,Electric car sales grow in UK despite decline in overall vehicle market
Economic Challenge,Volvo Cars to buy out Northvolt from jointly owned gigafactory in Sweden
Economic Challenge,"Bring in pay-per-mile road pricing across UK, urges Tony Blair’s thinktank"
Economic Challenge,Project to build German EV microchip factory put on hold
Economic Challenge,BMW chief says EU combustion engine ban will shrink car industry
Economic Challenge,Vauxhall owner to make decision on future of UK plants ‘in next few weeks’
Environmental Benefit,"Go-Ahead transport group orders 1,200 ‘green buses’ from Wrightbus"
Environmental Concern,Ocado and AA join growing revolt against London congestion charge for electric vans
Economic Challenge,EU leaders back extra Chinese EV tariffs despite split vote
Environmental Benefit,Jaguar Land Rover to invest £500m in Halewood car plant
Economic Challenge,"Batterymaker Northvolt to cut 1,600 jobs amid electric car ‘headwinds’"
Environmental Concern,Car industry calls for shift in EU emissions targets amid slowing EV sales
Environmental Benefit,Norway: electric cars outnumber petrol for first time in ‘historic milestone’
Environmental Concern,‘Democrats are losing’: a battle on EVs could cost Kamala Harris votes in Michigan
Environmental Benefit,How to buy an electric car – a guide
Economic Challenge,Two UK firms join forces to build ‘last-mile’ electric delivery vehicles
Environmental Concern,"UK electric car drivers should be charged per mile, say campaigners"
Environmental Benefit,Upcycling a black cab or bin lorry: growing industry converts old vehicles to electric
Environmental Benefit,Hyundai to double hybrid range as demand for ‘pure’ electric cars slows
Environmental Concern,Electric vehicle public charging ‘deserts’ revealed across Great Britain
Economic Advantage,‘Spectacular bargains’: why now is a great time to buy a used electric car in the UK
Environmental Concern,Activist opposed to Rio Tinto lithium mine receives anonymous death threats
Environmental Benefit,"About 500,000 trees cut down at site of Tesla gigafactory near Berlin"
Economic Challenge,Ford writes off $1.9bn as it cancels plans for all-electric large SUV in US
Economic Challenge,‘His rhetoric has made Tesla toxic’: is Elon Musk driving away his target market?
Economic Challenge,Trump says he has ‘no choice’ but to back EVs after Musk endorsement
Environmental Concern,UK carmakers say they may miss government targets on EV sales
Economic Challenge,Chinese firms win record 11% EV share in Europe as buyers rush to beat tariffs
Economic Challenge,"‘High quality, low price and dizzying variety’: how the Chinese switched to electric cars"
Environmental Benefit,"UK has almost 1m EV chargers, with new public one installed every 25 minutes"
Economic Challenge,UK haulage industry calls for investment in electric truck infrastructure
Environmental Concern,It doesn’t make sense: why US tariffs on Chinese cleantech risk the green transition 
Environmental Concern,Carbon emissions from vans still rising as UK drivers cling to diesel
Economic Challenge,EU to put tariffs of up to 38% on Chinese electric vehicles as trade war looms
Environmental Benefit,"Investment in clean energy likely to be double figure for fossil fuels in 2024, IEA says"
Environmental Concern,"‘Yes, Lego car!’: why small electric cars could be about to break the grip of SUVs"
Economic Challenge,Price driven: electric cars have never been cheaper. Is it now time to buy an EV?
Economic Advantage,Jeff Dodds: the Formula E boss planning a move into pole position
Environmental Benefit,"Electric cars more likely to hit pedestrians than petrol vehicles, study finds"
Economic Challenge,Janet Yellen urges EU to join US in curbs on cheap Chinese exports
Environmental Concern,When smart meters save money – and the overheating planet
Environmental Concern,Don’t despair about the climate. Be part of the social tipping point 
Environmental Benefit,The China-linked EV battery mega factory dividing a US township
Environmental Benefit,Vauxhall owner to sell cheap Chinese EVs in UK and mainland Europe
Economic Challenge,Biden announces 100% tariff on Chinese-made electric vehicles
Environmental Benefit,UK installs record number of public electric vehicle chargers
Environmental Concern,UN-led panel aims to tackle abuses linked to mining for ‘critical minerals’ 
Economic Challenge,Tesla among electric carmakers forced to cut prices as market stalls
Economic Challenge,"Global battery rollout doubled last year – but needs to be six times faster, says IEA"
Environmental Concern,"Net zero has become unhelpful slogan, says outgoing head of UK climate watchdog"
Economic Challenge,What the Cybertruck’s many failures mean for Tesla
Environmental Benefit,Australians choose hybrids over EVs as sales of conventional cars decline
Environmental Concern,Boom in mining for renewable energy minerals threatens Africa’s great apes
Environmental Concern,"Lease electric cars to rural care workers, UK climate charity says"
Economic Challenge,Nissan to cut cost of making electric cars by nearly a third by 2030 
Environmental Concern,"Are electric cars too heavy for roads, bridges and car parks?"
Economic Challenge,"How did Norway become the electric car superpower? Oil money, civil disobedience – and Morten from a-ha"
Environmental Benefit,Oil industry has sought to block state backing for green tech since 1960s
Environmental Concern,Leftwing group claim responsibility for Tesla factory arson attack in Berlin
Environmental Benefit,Tesla accuses Australian car lobby group of making ‘false claims’ about Labor’s vehicle emissions plan
Economic Advantage,Apple reportedly scraps multibillion-dollar plan to build electric car
Economic Challenge,"Electric cars produce twice as much CO₂ as trains, says rail group data"
Environmental Benefit,How green are electric cars?
Environmental Concern,Do electric cars have an air pollution problem?
Environmental Benefit,Vauxhall’s Luton plant to manufacture electric vans in UK from next year
Economic Challenge,Post-Brexit watchdog ‘ready’ to investigate flood of cheaper Chinese electric cars
Economic Challenge,France halts €100-a-month electric car leasing scheme after huge demand
Environmental Concern,Forget range anxiety: we should really worry about China’s global dominance in the electric car market
Environmental Benefit,‘A make-or-break moment’: what does Labour’s U-turn mean for the UK’s green transition?
Economic Challenge,"Make used electric cars cheaper and tackle battery fears, peers tell ministers"
Economic Challenge,UK electric vehicle maker Arrival enters administration with 170 jobs at risk
Economic Advantage,Millionth pure battery electric car sold in UK after 20 years
Environmental Concern,‘Ecocidal disgrace’: activists sabotage Quebec battery factory site in protest
Economic Challenge,‘Cheaper to save the world than destroy it’: why capitalism is going green
Economic Challenge,Have Australian drivers finally charged into electric vehicles?
Economic Challenge,White House unveils $623m in funding to boost electric vehicle charging points
Economic Advantage,EU announces €4bn state aid to back battery and green tech factories
Economic Challenge,"Electric car sales in UK flatline, prompting calls for VAT cut "
Environmental Concern,Big carmakers lobbied UK to weaken or delay electric car rules
Environmental Benefit,Making the switch to electric vehicles: ‘The biggest shock was the huge savings’
Environmental Benefit,‘It feels very fun and freeing’: US sees ebike boom after years of false starts
Economic Advantage,Paris is saying ‘non’ to a US-style hellscape of supersized cars – and so should the rest of Europe
Environmental Concern,I’m not worried about finding an EV charging point – I’m worried about how to pay for a charge
Environmental Benefit,Jaguar Land Rover begins road testing electric Range Rover prototypes
Economic Challenge,UK motorists: will you switch to a hybrid or electric vehicle in 2024?
Economic Challenge,Why the EU now plans to delay post-Brexit tariffs on electric vehicles
Environmental Concern,How problematic is mineral mining for electric cars?
Economic Challenge,Rishi Sunak’s net zero delay ‘will slash demand for electric cars’
Economic Advantage,‘Breakthrough battery’ from Sweden may cut dependency on China
Environmental Concern,"World behind on almost every policy required to cut carbon emissions, research finds"
Environmental Benefit,Republicans welcome local benefits of climate law despite voting against it
Environmental Concern,"Shock of the old: the amazing, infuriating history of the electric car – in pictures"
Environmental Benefit,Europe and the US should work with China. Joint climate action could be a win-win
Environmental Concern,Stockholm to ban petrol and diesel cars from centre from 2025
Environmental Benefit,"Global heat is now ‘gobsmackingly bananas’, but there’s hope humanity can limit the climate damage"
Environmental Benefit,"Most new cars sold in UK will have to be fully electric by 2030, government confirms"
Economic Challenge,"UK electric car sales risk falling further behind after Sunak U-turn, analysts say"
Environmental Benefit,"‘Staggering’ green growth gives hope for 1.5C, says global energy chief"
Environmental Benefit,Nissan vows to go all-electric by 2030 despite Sunak delay on petrol ban
Economic Challenge,Net zero delaying tactics expose Rishi Sunak’s desperation
Environmental Benefit,The east German town at the centre of the new ‘gold rush’ … for lithium
Environmental Concern,‘It’s an insult’: drivers react to Rishi Sunak’s electric car U-turn
Economic Challenge,UK carmakers will have to meet electric car sales targets despite Sunak U-turn
Environmental Benefit,Rishi Sunak announces U-turn on key green targets
Environmental Concern,Rishi Sunak rolls back net zero targets in reset of UK climate policies – video
Environmental Concern,‘Autobesity’ on course to worsen air pollution caused by motoring
Environmental Benefit,Plugging into the future: electric van production begins at Ellesmere Port
Environmental Benefit,UK’s largest electric vehicle charging hub opens in Birmingham
Environmental Benefit,There’s no need to fear switching to an electric car
Environmental Benefit,Hundreds more rapid charging points installed in UK to help drivers go electric
Economic Challenge,Europe hits roadblocks in the race to switch to electric cars
Environmental Benefit,"More electric utes needed in Australia, solar group says, as it takes first of its kind on road trip"
Economic Challenge,"What Apple did to Nokia, Tesla is now doing to the motor industry"
Environmental Concern,Kemi Badenoch casts doubt on electric car targets over job loss fears
Economic Challenge,Battery power: how China could take charge of the electric vehicle market
Economic Challenge,Tata’s gigafactory gives Britain’s battery industry potential at last
Economic Challenge,Tata’s £4bn gigafactory plan fills in a major blank for UK car industry
Economic Challenge,Rishi Sunak hails Jaguar Land Rover pledge for £4bn UK gigafactory
Environmental Benefit,Jaguar Land Rover owner expected to announce Somerset battery gigafactory
Environmental Concern,"In America’s ‘Voltage Valley’, hopes of car-making revival turn sour"
Environmental Benefit,Is China really leading the clean energy revolution? Not exactly
Environmental Benefit,The Guardian view on Toyota’s electric car battery: a boost only if we embrace public transport
Economic Advantage,Toyota claims battery breakthrough in potential boost for electric cars
Environmental Benefit,UK to gain first lithium mine in Cornwall in boost to electric car industry
Environmental Concern,Advertising watchdog bans Hyundai and Toyota electric car ads
Environmental Concern,"Brexit ‘cliff edge’ poses threat to UK electric car production, warns industry chief"
Economic Challenge,Aston Martin agrees deal to make electric vehicles with US firm Lucid
Economic Challenge,EU exports of electric cars to UK put at risk by Brexit trade deal
Economic Advantage,‘I want to do something significant’: ex-F1 champion Nico Rosberg on his sustainable entrepreneurship 
Environmental Concern,"We must steer clear of all cars, including EVs"
Environmental Benefit,Uber aims for greener trips and to expand London electric vehicle fleet
Environmental Concern,Fact check: why Rowan Atkinson is wrong about electric vehicles
Environmental Concern,The die is cast: petrol and diesel engines are dying. The electric age is inevitable
Economic Advantage,Why electric cars win in the long run 
Environmental Benefit,I’m glad you’ve bought an electric vehicle. But your conscience isn’t clean
Environmental Benefit,"Carmakers are pushing electric SUVs, but smaller is better when it comes to EVs"
Environmental Benefit,Toyota Australia executive says it’s too early for electric vehicles to replace nation’s cars
Environmental Concern,The Guardian view on the electric car revolution: targets are not enough
Environmental Benefit,"Majority of Australians keen to switch from gas to electric to lower emissions, survey finds"
Economic Challenge,Electric cars: could your employer help you save thousands?
Environmental Benefit,The US needs 1m more electricians to hit climate goals. Can it recruit more women?
Environmental Concern,Is driving on the left stopping New Zealand reaching its climate goals?
Environmental Benefit,Biden team proposes strict vehicle pollution limits to boost EV sales
Environmental Concern,Net zero strategy shows UK will miss 2030 emissions cuts target 
Environmental Concern,German government in crisis over EU ban on car combustion engines
Economic Advantage,Germany’s e-fuel EU loophole could mean ‘135bn more litres of petrol burnt’
Economic Advantage,Tax perks driving surge in number of SUVs and larger vehicles on Australian roads
Economic Challenge,Volkswagen warns EU that US is beating it in race to attract battery makers
Economic Advantage,Electric car enthusiasts tantalized by new idea: converting old vehicles
Environmental Benefit,Major plug-in hybrid cars pollute more than official measures suggest
Environmental Benefit,"In the global race to dominate green technology, Britain is still tying its shoelaces"
Environmental Benefit,"Uber and Lyft in New York required to be zero-emission by 2030, officials say"
Environmental Concern,Revealed: how US transition to electric cars threatens environmental havoc
Economic Challenge,Business minister boasted Britishvolt was Brexit success story months before collapse
Economic Advantage,The Observer view on the free market thinking that failed Britishvolt
Economic Advantage,Britishvolt: how Britain’s bright battery future fell flat
Environmental Concern,‘Super-tipping points’ could trigger cascade of climate action
Economic Challenge,UK net zero report: what are its recommendations and conclusions?
Environmental Benefit,Thailand’s tuk-tuks go green amid rising demand for electric models
Economic Challenge,Where does the Britishvolt collapse leave UK’s dream of an electric future?
Environmental Benefit,Summer holidays see people queuing to charge electric cars for first time in Australia
Environmental Concern,Northvolt v Britishvolt: clarity v confusion in the great electric car battery race
Environmental Benefit,Tevva begins first high-volume production of electric lorries in UK
Economic Challenge,Obscure Indonesia-linked investor circles UK’s Britishvolt with £160m deal
Economic Challenge,UK battery startup Britishvolt in talks to sell majority stake
Economic Challenge,Electric car sales reach record high in UK despite supply chain disruption
Environmental Benefit,"Flutes, synths, a human voice – how should electric vehicles sound?"
Environmental Benefit,Hyundai aims for 10% rise in global sales as it shifts to electric cars
Environmental Benefit,Record number of public electric vehicle chargers installed in UK in 2022
Economic Challenge,From super scooters to smarter meters: six firms to watch in 2023
Environmental Concern,US response to the climate emergency: key moments of 2022
Environmental Concern,"Reliance on hi-tech solutions to climate crisis perpetuates racism, says UN official"
Economic Advantage,‘Brilliant fun’: UK automaker shrinks classic cars for big spenders
Environmental Concern,Sale of hybrid cars double that of EVs in Australia with experts blaming lack of electric incentives
Economic Challenge,UK new car sales rise as industry leaders say recovery ‘within grasp’
Economic Advantage,EVs to become cheaper in Australia after crossbench strikes deal with Labor
Economic Challenge,"Electric car owners to pay road tax from 2025, Jeremy Hunt announces"
Environmental Concern,EV charger designed ‘for UK-wide rollout’ may never be made
Economic Challenge,‘UK could miss out’: is government doing enough for car battery industry?
Environmental Benefit,"Green energy push a chance for mining sector to reshape dull and dirty image, Sydney conference hears"
Environmental Benefit,UK-backed battery firm Britishvolt considers entering administration
Economic Challenge,End of the road for Ford Fiesta: UK’s all-time bestselling car halts production 
Environmental Concern,There’s lithium in them thar hills – but fears grow over US ‘white gold’ boom
Environmental Concern,MPs issue 10-point environmental wishlist for Liz Truss
Economic Challenge,A California measure would tax the rich to fund electric vehicles. Why is the governor against it?
Economic Challenge,Inflation and soaring bills putting brakes on switch to electric vehicles in UK
Economic Challenge,"Electric vehicles just 3.39% of new Australian car sales despite sharp increase, report says"
Environmental Benefit,California wants everyone to drive EVs. How will low-income people afford them?
Environmental Benefit,General Motors takes on Tesla with new energy division
Environmental Benefit,Amazon to up electric fleet by thousands across UK and continent
Environmental Benefit,The American EV boom is about to begin. Does the US have the power to charge it?
Economic Challenge,Electric car subscription service Onto is slow sorting my insurance claim
Economic Challenge,Make money by renting out your stuff: from clothes to cars
Environmental Benefit,Electric vehicle charging stations get green light across US
Economic Challenge,Biden talks up electric vehicle revolution – but is America ready to give up gas?
Environmental Concern,"Soaring energy costs could threaten future of electric cars, experts warn"
Environmental Benefit,Housebuilders ‘lobbied against plan for electric car chargers in new homes in England’
Environmental Benefit,EV riders: motorcycle manufacturers making the leap to electric
Environmental Benefit,World EV road trip reveals an Australian market in the slow lane
Environmental Benefit,California bans sales of new gasoline-powered vehicles by 2035 in milestone step
Environmental Benefit,"Wind, hydrogen, no demolitions: how next PM can put UK on net zero path"
Economic Advantage,"Australia has a steep hill to climb on electric cars – but if ever there was a time, it’s now "
Economic Advantage,Mate Rimac: the rising star of electric supercars
Economic Challenge,Huge UK electric car battery factory on ‘life support’ to cut costs 
Environmental Concern,The Guardian view on the UK car industry: facing a green moment of truth 
Economic Challenge,Homes for sale with car charging points – in pictures
Environmental Concern,There is an alternative to disruptive climate protest
Economic Challenge,Want an electric car but fear the cost? Here’s how to flick the switch
Environmental Benefit,Federal government under pressure to increase EV uptake after ACT announces petrol car ban
Environmental Benefit,"Green upgrades could cut UK energy bills by £1,800 a year, finds study"
Environmental Concern,Charging my electric car is a pain as I can’t use BP Pulse credit
Economic Challenge,Electric cars sold in UK passes half a million despite supply chain issues
Economic Challenge,"Labour pledges to create 30,000 jobs at electric car battery gigafactories"
Economic Challenge,Five things we have learned about the UK’s path to net zero
Environmental Concern,Environmental concerns remain as Toyota files appeal against class action ruling over diesel filters
Economic Challenge,Government pulls plug on its remaining UK electric car subsidies
Environmental Benefit,A living room on a skateboard: how electric vehicles are redefining the car
Environmental Benefit,"New Zealand woman creates her own electric car for $24,000"
Economic Challenge,Brace for a shock: cost-of-living crisis drives up price of electric car charging
Economic Challenge,"‘Cash, coal, cars and trees’: what progress has been made since Cop26?"
Environmental Benefit,MEPs call for 20% reduction in car emissions by 2025
Economic Challenge,Tesla halts most production in Shanghai over supply problems
Environmental Benefit,Apartment dwellers face hurdles in the race to install EV chargers
Economic Advantage,Electric car cost advantage over petrol grows amid energy market turmoil
Economic Advantage,Britain’s Tesla hopes for big things from ‘microfactories’
Environmental Concern,Women with electric rickshaws combat Delhi’s toxic air – and its sexism
Economic Challenge,What are the most effective ways to get cars out of cities?
Environmental Concern,Cars are never green – and the idea that a Hummer can be climate-friendly is absurd
Environmental Benefit,I test-drove the all-electric Hummer. Can it win over America’s EV skeptics?
Environmental Benefit,Britons buy more electric cars in March than in whole of 2019
Environmental Benefit,Scientists creating universal e-scooter sound to help pedestrians detect them
Economic Challenge,Beat the petrol price hike! Could hypermiling be the answer to soaring fuel costs?
Economic Advantage,"US transition to electric vehicles would save over 100,000 lives by 2050 – study"
Environmental Concern,Sold out: why Australia doesn’t have enough electric vehicles to go around
Environmental Benefit,UK government vows 10-fold increase in electric car chargers by 2030
Environmental Concern,Manchin ‘very reluctant’ on electric cars in ominous sign for Biden’s climate fight
Environmental Benefit,Is a Madagascan mine the first to offset its destruction of rainforest?
Economic Challenge,Ulez ‘to cover all of Greater London by end of next year’
Economic Challenge,Plug in your car … but only Britain’s richer motorists can charge up cheaply
Environmental Benefit,"Boris Johnson’s promise to build 4,000 zero-emission buses makes zero progress"
Environmental Benefit,How green are electric cars? - video
Environmental Concern,Andy Palmer’s bumpy ride: from supercars to battery buses
Environmental Concern,‘We are afraid’: Erin Brockovich pollutant linked to global electric car boom
Environmental Benefit,Andy Burnham says clean air zone critics made false claims about wife’s interests
Environmental Benefit,Biden administration plans to spend $5bn to build EV charging network across US
Economic Challenge,US postal service under fire for plan to spend $11.3bn on gas-powered fleet
Environmental Benefit,Electric vehicles bring down CO2 emissions of new cars in UK to lowest level ever
Economic Challenge,"‘No viable alternative’: UK must introduce road pricing, MPs say"
Environmental Benefit,Electric cars on show in Washington as Biden pushes for green revolution 
Economic Challenge,Will road pricing answer the UK’s net-zero car-tax conundrum?
Environmental Benefit,Bentley to build its first fully electric car at Crewe factory
Economic Challenge,How do we make the move to electric cars happen? Ask Norway
Economic Advantage, Britishvolt gets £100m boost to build UK’s first large-scale ‘gigafactory’
Economic Challenge,Why was I fined £90 for charging my electric car at Lidl?
Economic Challenge,Streets ahead? What I’ve learned from my year with an electric car 
Environmental Benefit,‘Motorcycling is a very sensual thing’: will bikers accept losing their vroom?
Economic Advantage,Carmakers report booming UK sales of electric vehicles
Economic Challenge,From flying taxis to painless vaccines: seven businesses to watch this year
Economic Challenge,Tesco to begin UK’s first commercial use of fully electric HGVs
Economic Challenge,Rio Tinto puts Serbia lithium mine on hold
Environmental Benefit, How electric vehicles have helped labor and climate groups team up
Economic Challenge,Electric cars: deadline nears to claim home charging grant
Environmental Benefit,UK cuts grants for electric vehicles for second time in a year
Environmental Concern,‘No easy fix’: polar bear capital of the world turns to electric transporters to save the bears
Economic Challenge,US lags in electric vehicle sales despite Biden administration’s push
Environmental Concern,‘Like putting a lithium mine on Arlington cemetery’: the fight to save sacred land in Nevada
Environmental Concern,Lithium mine pits electric cars against sacred Indigenous land – video
Economic Challenge,Nissan to invest £13bn on speeding switch to electric cars
Environmental Concern,"Easy rider? We’ll miss the roar, but electric motorbikes can’t kill our road romance"
Environmental Benefit,"Battery power: five innovations for cleaner, greener electric vehicles"
Economic Advantage,Plan for car chargers in all new homes in England ‘will make access exclusive’
Environmental Benefit,We Morris drivers are on board with renewables 
Environmental Benefit,"Wanted: 100,000 pioneers for a green jobs Klondike in the Arctic"
Environmental Benefit,"UK must boost recycling of materials for green industries, report says"
Economic Challenge,Rio Tinto’s past casts a shadow over Serbia’s hopes of a lithium revolution
Environmental Concern,Electric cars are not a magic bullet for air pollution
Environmental Benefit,"Major European carmakers will hit emissions targets too easily, research shows"
Environmental Concern,Battery failures like Johnson Matthey risk leaving British carmakers disconnected
Environmental Concern,"Cities act on climate while nations delay, Sadiq Khan tells Cop26"
Economic Challenge,Key Cop26 pledges could put world 9% closer to 1.5C pathway
Environmental Concern,Cop26: can gas guzzling go green?
Economic Challenge,‘What if we just gave up cars?’: Cop26 leaders urged to dream big
Economic Challenge,Bezos-backed Rivian revs up for $65bn valuation in IPO
Environmental Concern,Antihero to zero: VW rises from ‘dieselgate’ to lead charge on electric vehicles
Economic Advantage,Electric vehicles are too big an opportunity to miss. Here’s what Australia should be doing
Environmental Benefit,Carmaking recast: West Midlands finds new role in electric vehicle industry 
Economic Challenge,Scott Morrison denies attacking electric vehicles in 2019 as he unveils new Coalition policy 
Environmental Benefit,Electric cars account for under 5% of miles driven by Uber in Europe 
Environmental Benefit,World leaders announce plan to make green tech cheaper than alternatives
Environmental Concern,The climate crisis explained in 10 charts
Economic Advantage,Optimism for Cop26: every bit of heating we prevent reduces suffering
Economic Challenge,Hertz’s supercharged Tesla deal could haul us into the electric vehicle age
Economic Challenge,"Tesla breaks $1tn valuation barrier after Hertz orders 100,000 vehicles"
Economic Challenge,UK battery ‘gigafactory’ plans huge expansion as electric car demand soars
Environmental Benefit,London drivers ditching diesel cars six times faster than rest of UK
Economic Advantage,‘Ambitious’ UK plans for electric vehicles welcomed – with reservations
Environmental Concern,"Fuel duty losses in green transition may mean new taxes, Treasury warns"
Economic Challenge,"UK’s net zero plan falls short on ambition and funding, say critics"
Environmental Benefit,"Students’ solar-powered camper van turns heads on 1,800-mile road trip"
Environmental Benefit,"Amid the petrol crisis, is it time to switch to an electric car?"
Environmental Concern,UK car sales plunge but electric vehicles soar to record amid fuel crisis
Economic Challenge,The UK’s 2035 net zero electricity target: how could it be achieved?
Environmental Benefit,‘False choice’: is deep-sea mining required for an electric vehicle revolution?
Economic Challenge,UK electric car inquiries soar during fuel supply crisis
Environmental Concern,Electric vehicles divide opinion as car-loving Germany goes to polls
Economic Challenge,Why is this clean hybrid car taxed at almost the same rate as a Ferrari?
Economic Advantage,Electric cars: Ofgem plans easier way for drivers to sell energy back to grid
Environmental Benefit,One man’s epic electric test drive – from Land’s End to John o’Groats
Economic Challenge,Millions of electric car batteries will retire in the next decade. What happens to them?
Environmental Concern,Controversy surrounds Glencore’s stake in UK battery maker Britishvolt
Economic Challenge, FTSE 100 to lose mining heavyweight as BHP calls time on dual listing in London
Economic Challenge,Glencore stake boosts Britishvolt’s £4bn plans for battery factory
Economic Challenge,Bp pulse pledge to charge up its customer experience
Environmental Benefit,West Midlands overtakes London in UK’s electric car charger revolution
Environmental Benefit,They fought for clean air. They didn’t know they were part of a gas industry campaign
Economic Advantage,Biden sets goal for 50% of new US vehicles to be electric by 2030
Economic Advantage,Electric vehicles have a rich past – and a richer future
Environmental Concern,‘What’s the fuss? No fuss!’: readers on their electric vehicles
Environmental Concern,Experts defend electric cars after Allegra Stratton comments
Environmental Concern,"Diesel car suits me better than electric, says PM’s climate spokesperson"
Economic Challenge,Market forces can’t drive uptake of electric cars
Environmental Benefit,Electric trains offer the best route to greener transport
Economic Challenge,Tell us your experiences of driving electric vehicles
Economic Challenge,Leading the charge! Can I make it from Land’s End to John o’Groats in an electric car?
Environmental Benefit,UK government backs scheme for motorway cables to power lorries
Environmental Benefit,Electric cars: UK government urged to prevent ‘charging deserts’
Environmental Benefit,National Grid to lose Great Britain electricity role to independent operator
Environmental Benefit,Green transport can only succeed with a greener grid 
Environmental Benefit,EU’s green deal plans launched with ‘make-or-break decade’ warning
Environmental Benefit,Ban on polluting lorries pledged in Tories’ transport greenprint
Environmental Concern,"Rising oil price may speed shift to electric vehicles, says energy watchdog"
Economic Challenge,The Guardian view on meeting net-zero targets: take the people with you 
Environmental Benefit,Only batteries have the power to save British carmaking
Environmental Benefit,Vauxhall owner in plan to produce new electric van at Ellesmere Port
Economic Challenge,"UK car industry ‘could lose 90,000 jobs without new battery gigafactories’"
Environmental Benefit,UK in talks to build battery ‘gigafactories’ for electric cars
Environmental Concern,My Renault Zoe purchase will fall flat with no home charger
Environmental Benefit,"New Zealand unveils $8,600 subsidy for electric vehicles to reduce emissions"
Economic Challenge,Electric cars: switching tariff could save £300-plus a year
Environmental Benefit,Tesla Model 3 becomes most popular battery electric car on UK roads
Environmental Benefit,Where will I fill up? My week driving Toyota’s hydrogen car in locked down Melbourne
Environmental Benefit,Roboats: Amsterdam to trial self-driving electric boats
Economic Advantage,Britain’s electric car charging network boosted by £300m funding
Environmental Benefit,Turn off the gas: is America ready to embrace electric vehicles?
Economic Challenge,Got an electric car charger at home? Share it and earn cash
Economic Challenge,6.5m households in UK plan to buy an electric car by 2030
Environmental Benefit,Record metals boom may threaten transition to green energy
Economic Advantage,Electric cars ‘will be cheaper to produce than fossil fuel vehicles by 2027’
Environmental Benefit,Electric car insurance in UK ‘is £45 less than for petrol or diesel vehicle’
Economic Challenge,Uber and Arrival team up to produce electric taxis
Environmental Concern,Electric cars won’t save us from pollution
Economic Advantage,Electric vehicles on world’s roads expected to increase to 145m by 2030
Economic Advantage,UK replaces France as Europe’s second largest electric car market
Environmental Benefit,The race for rare earth minerals: can Australia fuel the electric vehicle revolution?
Economic Advantage,"Advances mean all new US vehicles can be electric by 2035, study finds"
Environmental Benefit,Meet the Briton leading a Tesla rival who wants to save the planet
Economic Advantage,The reviews are in: we're simply the best!
Economic Challenge,"Urgent policies needed to steer countries to net zero, says IEA chief"
Economic Challenge,Ride-hailing rental startup Splend to transition Australian car fleet to electric
Environmental Concern,"Last thing we need is a 'cosy consensus' on climate crisis, warns Ed Miliband"
Economic Advantage,Leading the charge: how the hospitality sector is building Australia's EV network
Environmental Benefit,UK slashes grants for electric car buyers while retaining petrol vehicle support
Environmental Concern,Why Japan's carmaking heavyweights could be facing an electric shock
Economic Advantage,We must do more to drive the uptake of electric vehicles in Australia
Environmental Benefit,Foxconn says it might revive Wisconsin plant to make electric cars
Economic Challenge,Elon Musk’s Tesla lobbied UK to raise tax on petrol and diesel
Environmental Concern,New US vehicles must be electric by 2030 to meet climate goals – report
Economic Challenge,"Australia lags the world on electric vehicle choice and it's hurting take-up, industry says"
Environmental Benefit,Volvo says it will make only electric cars by 2030
Environmental Benefit,"Plug-in hybrid cars burn more fuel than tests record, says Which?"
Environmental Concern,Fossil fuel cars make 'hundreds of times' more waste than electric cars
Environmental Benefit,'All the bones are there': could a new electric vehicle be built in Australia? 
Environmental Benefit,SUVs and extra traffic cancelling out electric car gains in Britain
Environmental Benefit,Driverless electric bus hits the road in Spanish city of Málaga
Economic Challenge,Electric busmaker Arrival schedules first UK road trial
Environmental Concern,Australia risks being left behind in petrol-fuelled 'parallel world' as other countries embrace electric cars
Environmental Benefit,Ford plans for all cars sold in Europe to be electric by 2030
Economic Challenge,Coventry to seek planning permission for electric car battery 'gigafactory'
Environmental Benefit,JLR to make Jaguar brand electric-only by 2025
Environmental Concern,Australia's electric vehicle policy steers us to a future based on fossil fuels. It needs to be dumped
Environmental Benefit,'Do-nothing document': Australian electric vehicle strategy lets emissions keep rising
Environmental Benefit,"Make oil firms install electric car chargers in petrol stations, says thinktank"
Environmental Concern,Pollutionwatch: how smart braking could help cut electric car emissions
Environmental Benefit,General Motors announces plan for all-electric lineup by 2035
Economic Challenge,Ovo to launch 'half-price' electric vehicle charging tariff
Environmental Benefit,Electric cars are not the only green solution
Environmental Benefit,"Net zero, saving koalas and forest wars: the crucial environment battles looming in Australia"
Environmental Benefit,The Guardian view on electric cars: greener roads are good
Economic Challenge,Electric vehicles close to ‘tipping point’ of mass adoption
Environmental Benefit,Global sales of electric cars accelerate fast in 2020 despite pandemic
Environmental Benefit,Electric car batteries with five-minute charging times produced
Environmental Concern,The curse of 'white oil': electric vehicles' dirty secret – podcast
Environmental Concern,Norway's electric car drive belies national reliance on fossil fuels
Economic Advantage,Electric cars rise to record 54% market share in Norway
Economic Challenge,'He's a risk-taker': Germans divided over Elon Musk's new GigaFactory
Environmental Benefit,UK carmakers have three years to source local electric car batteries
Economic Challenge,"Tesla almost hits 500,000-car delivery target for 2020 despite pandemic"
Economic Challenge,UK public transport downturn to continue after pandemic ends
Economic Challenge,"There is hope on the horizon, but high debt hangs over Britain's future"
Environmental Concern,Coalition accused of wasting 18 months on 'nothing' electric vehicle strategy
Environmental Benefit,"Electric cars are not perfect, but they are a good start"
Economic Advantage,I am the world’s nicest driver – but in an SUV I am treated like a pariah
Environmental Benefit,Australian states were warned road user tax on electric vehicles could discourage uptake
Economic Challenge,Toyota will not invest in electric cars in UK until after 2027
Environmental Benefit,UK's first all-electric car charging forecourt opens in Essex
Economic Advantage,"Best tech of 2020: an eco vacuum, electric car and a £12 kettle"
Economic Challenge,Aston Martin to hold internal inquiry after 'sockpuppet PR firm' row
Environmental Benefit,"More than 500,000 full electric cars sold so far this year in Europe"
Environmental Concern,Aston Martin in row over 'sock puppet PR firm' pushing anti-electric vehicle study
Economic Challenge,CMA seeks to build UK consumer trust in electric car charging
Environmental Concern,Why Australia has no clear policy on electric vehicles
Economic Challenge,‘Why did it take nine hours to go 130 miles in our new electric Porsche?’
Environmental Benefit,"Victoria's electric vehicle tax could reduce clean car sales by 25%, researcher says"
Economic Challenge,Regional disparities in electric car-charging points revealed
Economic Challenge,Tax on electric vehicles in South Australia and Victoria would slam brakes on sales
Economic Challenge,A £4bn UK 'mini Tesla' choosing to list stock in US is worrying
Environmental Benefit,The Guardian view on Johnson's green jobs plan: the right way to start
Economic Advantage,"Halfords to train 1,500 extra technicians to work on electric cars, bikes and scooters"
Environmental Benefit,Is £12bn enough to get UK on track for net zero carbon emissions?
Environmental Concern,UK ban on new fossil fuel vehicles by 2030 'not enough' to hit climate targets
Economic Challenge,Road pricing could offset loss of fuel duty from electric cars
Environmental Concern,UK expected to ban sale of new petrol and diesel cars from 2030
Environmental Concern,South Australia's new tax on electric vehicles ridiculed as 'a big tax on not polluting'
Economic Challenge,Bentley is leading the charge to batteries. British carmakers must join it
Environmental Benefit,Bentley to stop making petrol cars by 2030 and go fully electric
Economic Advantage,Electric cars 'as cheap to manufacture' as regular models by 2024
Economic Challenge,Uber pledges £5m toward electric vehicle charging points in London
Environmental Concern,Electric cars are running on empty
Economic Challenge,Are electric cars on a road to nowhere?
Economic Challenge,California governor orders ban on sale of gas-only cars within 15 years
Environmental Concern,UK plans to bring forward ban on fossil fuel vehicles to 2030
Economic Challenge,Sober investors hope to get a buzz from Tesla’s 'battery day'
Environmental Benefit,Lithium find in Cornwall spurs hopes of regeneration
Economic Challenge,"Petrol and diesel cars could cost up to £1,500 more under proposals"
Environmental Benefit,AGL bets on electric vehicles subscription service to boost Australia's uptake
Economic Challenge,Battery swaps could electrify e-car sales
Economic Challenge,Higher price of electric cars a concern for more than half of UK consumers
Economic Advantage,Electric vehicle sales triple in Australia despite lack of government support
Environmental Concern,Moderate Tories join greens to call for fossil fuel car ban by 2030
Environmental Concern,Northern Ireland to be left out of new UK car emission restrictions
Economic Challenge,Electric cars have few downsides except price. One company is looking to change that
Environmental Benefit,The Green Recovery: how to put more electric vehicles on Australia's roads – video
Economic Advantage,"'E-highways' could slash UK road freight emissions, says study"
Economic Advantage,"Electric cars: five best buys, from new models to used bargains"
Economic Advantage,From dusted-off bikes to electric dreams: UK green economy booms on back of Covid-19
Environmental Benefit,E-scooters go on trial in Middlesbrough to aid UK’s green recovery
Environmental Benefit,Australia could create hundreds of thousands of jobs by accelerating shift to zero emissions – report
Economic Advantage,UK electric buses boosted by innovative £20m battery deal
Economic Advantage,‘There is an opportunity to craft a new status quo’: the women engineers at the forefront of EV tech
Environmental Concern,"Britain still failing on climate crisis, warn advisers"
Environmental Benefit,UK car industry pushes for scrappage scheme to help buy new petrol and diesel vehicles
Economic Advantage,Electric cars gain market share in Europe despite Covid-19 crisis
Environmental Benefit,'A new normal': how coronavirus will transform transport in Britain's cities
Environmental Benefit,Norway and the A-ha moment that made electric cars the answer
Environmental Benefit,"Electric cars produce less CO2 than petrol vehicles, study confirms"
Economic Challenge,Are flying taxis ready for lift-off?
Environmental Concern,ExxonMobil 'tried to get European Green Deal watered down'
Environmental Benefit,British Gas and VW unveil three-year electric vehicle deal
Economic Challenge,"Spend £8bn to kickstart plan to decarbonise economy, chancellor told"
Environmental Concern,Hybrid carmakers accused of 'con' over zero-emissions claims
Environmental Benefit,Trent Zimmerman backs net zero emissions target but foresees more Coalition infighting
Environmental Concern,"UK could ban sale of petrol and diesel cars in 12 years, says Shapps"
Economic Advantage,Profits at Mercedes-Benz owner Daimler slump by €5bn
Environmental Concern,Car industry: PM has 'moved goalposts' over petrol and diesel ban
Economic Challenge,Car industry could see price war on hybrid vehicles in 2020
Economic Challenge,Elon Musk set to cash in at Tesla as deliveries and shares soar
Economic Challenge,UK electric van maker Arrival secures £85m from Kia and Hyundai
Environmental Concern,"Polluting vehicles could be pulled from UK sale, say carmakers"
Environmental Concern,Average CO2 emissions of cars sold in UK up for third year in row
Environmental Concern,Environmentally friendly electric cars: the pedestrian’s enemy?
Environmental Concern,The Guardian view on car culture: change is coming
Economic Advantage,"2020 set to be year of the electric car, say industry analysts"
Environmental Benefit,Labour vows to electrify England's entire bus fleet by 2030
Environmental Concern,New car sales fall again as UK demand for diesel vehicles dives
Economic Challenge,"Daimler to axe at least 10,000 jobs worldwide"
Environmental Benefit,"Yes, electric vehicles really are better than fossil fuel burners"
Environmental Benefit,Are electric vehicles really so climate friendly?
Environmental Benefit,Cybertruck: Tesla unveils new pickup truck but windows break during demo
Environmental Concern,Wrong turn: why Australia's vehicle emissions are rising
Economic Challenge,"Mercedes-Benz to axe more than 1,000 jobs in cost-cutting drive"
Economic Challenge,The Guardian view on trade after Brexit: a new cliff edge looms
Environmental Benefit,Helping electric car drivers’ eyes light up
Environmental Concern,"Australia's climate response among the worst in the G20, report finds"
Economic Challenge,Questions raised over UK's state-backed fund for electric car charging
Economic Challenge,I need help trying to plug into the costs of charging electric cars
Environmental Benefit,Wales has lowest number of electric car chargers per head in UK
Environmental Benefit,"Electric cars could be charged in 10 minutes in future, finds research"
Economic Advantage,"Electric cars: the good, the bad and the costly"
Environmental Benefit,First 100% electric black cab for 120 years launches in London
Economic Advantage,"At Ofgem, we ensure funding is justified"
Environmental Benefit,Electric cars to get green number plates under government plan
Environmental Concern,Energy watchdog accused of stalling electric vehicle rollout
Economic Advantage,UK plans to accelerate decarbonisation of transport sector
Economic Advantage,James Dyson scraps plans to build electric car
Economic Challenge,Powering ahead: six new ways to charge an electric car
Economic Challenge,Is it just laziness that stops me from switching to an electric car?
Economic Challenge,"Electric cars: you can now find used deals for less than £7,000"
Economic Challenge,Electric cars: call for tax on road usage to cover lost fuel revenue
Environmental Concern,Volkswagen emissions scandal: mass lawsuit opens in Germany
Economic Advantage,Labour to commit to big increase in charging points for electric cars
Environmental Concern,California vows fightback after Trump voids state's right to set emissions rules
Environmental Benefit,Road transport emissions up since 1990 despite efficiency drive
Environmental Benefit,ACT plans far-reaching electrification of vehicles and homes in drive to reduce emissions
Environmental Concern,Pollutionwatch: how skilful driving can reduce toxic fumes
Environmental Concern,"Four wheels bad, but three sehr gut. Germans climb aboard cargo bikes"
Environmental Benefit,Dundee's green revolution: council-run charging hubs and electric cabs
Environmental Benefit,"Half of all new cars sold in Australia by 2035 will be electric, forecast predicts"
Environmental Concern,"Raise car fuel prices to fight air pollution, says rightwing thinktank"
Economic Challenge,UK economy under worst strain for seven years as car sales slump
Environmental Benefit,Taking a Toto trip in West Bengal: an electric rickshaw adventure ride
Economic Advantage,"Silent, no gears and cheaper every day: electric cars aren't so hard to get used to"
Environmental Concern,Exploring the Yorkshire Dales by electric campervan
Environmental Benefit,No 10 hands Jaguar Land Rover £500m loan guarantee to develop electric cars
Environmental Benefit,Electric cars could form battery hubs to store renewable energy
Environmental Benefit,British Gas and SSE to purge petrol and diesel from fleets by 2030
Economic Challenge,"UK car industry future hinges 'not on Brexit, but on batteries'"
Economic Challenge,Subsidy cuts blamed for fall in UK sales of electrified vehicles
Environmental Benefit,BMW aims to double electric and hybrid sales in next two years
Economic Challenge,"Should I buy an electric car? All you need to know about prices, technology and range"
Environmental Benefit,The Guardian view on net zero emissions: better late than never
Environmental Benefit,Jaguar Land Rover teams up with BMW to produce electric cars
Environmental Benefit,Standardise batteries on electric vehicles
Environmental Benefit,"A 99, sprinkles and no diesel: here come the electric ice-cream vans…"
Environmental Benefit,Jump-start the electric revolution
Environmental Concern,Electric vehicle drivers at risk by charging from home mains supply
Economic Advantage,Eco-friendly modes of transport for all
Economic Challenge,Fiat Chrysler and Renault expected to announce tie-up talks
Environmental Concern,BHP warns investors coal could be phased out 'sooner than expected'
Environmental Benefit,Electric 'flying taxi' prototype unveiled by German start-up
Environmental Concern,The climate change election: where do the parties stand on the environment?
Economic Challenge,Consumers apply the brakes to UK new car sales
Environmental Concern,The Guardian view on ice-cream vans: shame about the pollution
Environmental Concern,Ford under criminal investigation in US over auto emissions
Environmental Benefit,Tesla Model 3 to go on sale in UK next week
Economic Challenge,Poll shows 50% of Australians support shifting all sales of new cars to electric vehicles by 2025
Environmental Concern,Sky News at war as Paul Murray and Kieran Gilbert trade blows: 'Let's get into it'
Environmental Concern,Hyundai warns of 'fear-mongering' over electric cars in Australia election
Economic Advantage,Toyota distances itself from Liberal ads falsely claiming Labor wants to tax cars
Environmental Benefit,"Coalition 'tying themselves in knots' on electric vehicles, Mike Cannon-Brookes says"
Economic Advantage,Electric cars: separating the facts from the propaganda
Economic Challenge,'Shorten wants to end the weekend': Morrison attacks Labor's electric vehicle policy
Environmental Concern,Dirty lies: how the car industry hid the truth about diesel emissions – podcast
Economic Advantage,Follow Sarah Storey’s lead on e-bike promotion
Environmental Concern,Greens blast key part of Labor's climate policy as 'fake action'
Environmental Concern,Labor's climate change policy explained: here's what we know
Environmental Benefit,50% of new cars to be electric vehicles by 2030 under Labor climate change policy
Environmental Concern,'Woefully dirty': government accused over Australia's failure to cut vehicle emissions
Environmental Concern,Dieselgate and the unintended consequences of anti-idling drive
Environmental Concern,Dirty lies: how the car industry hid the truth about diesel emissions
Environmental Concern,Deadly air in our cities: the invisible killer
Economic Challenge,Going car-less in the country can be hard
Environmental Benefit,Councils stall on adding charging points for electric vehicles
Environmental Benefit,James Bond to drive electric Aston Martin in new movie
Economic Challenge,"Geneva motor show: Brexit, electric cars and luxury dominate agenda"
Economic Challenge,UK car sales recover slightly after five months of decline
Economic Challenge,Honda’s closure? It’s down to government failure to champion electric cars
Economic Advantage,"Electric cars are already cheaper to own and run, says study"
Economic Challenge,"'Among the worst in OECD': Australia's addiction to cheap, dirty petrol"
Environmental Concern,'What about the plug?' Australia's electric car infrastructure stalled by policy paralysis
Environmental Concern,'They've done nothing': fuel emissions taskforce accused of 'apathy'
Economic Challenge,Road to nowhere: why Australia lags behind in electric vehicle revolution
Environmental Benefit,"Australia’s paltry electric car uptake will cost health, jobs and environment – report"
Economic Advantage,"Dutch man's epic 89,000km drive proves electric cars are viable in Australia"
Economic Challenge,"Tesla to cut more than 3,000 jobs because cars 'still too expensive'"
Economic Advantage,Stricken carmakers stall at the crossroads of a radical future
Environmental Benefit,Shenzhen's silent revolution: world's first fully electric bus fleet quietens Chinese megacity
Economic Challenge,Big on batteries: government finally seizes on lithium-ion potential
Environmental Benefit,Shell starts rollout of ultrafast electric car chargers in Europe
Environmental Benefit,Uber to introduce clean air fee to all London rides
Environmental Concern,MPs call for ban on petrol and diesel car sales by 2032
Economic Advantage,"Scrapping UK grants for hybrid cars 'astounding', says industry"
Environmental Concern,The Trump administration has entered Stage 5 climate denial
Environmental Concern,California plans to show the world how to meet the Paris climate target
Environmental Concern,Electric cars: who to bless and who to blame on the road ahead
Economic Advantage,Electric future? Global push to move away from gas-powered cars
Environmental Concern,The Guardian view on electric cars: stopped by industry inaction
Economic Challenge,How much does it cost to power an electric car around Australia? $150
Economic Challenge,London councils accused of holding up rollout of electric car charging points
Environmental Benefit,Green number plates ‘could boost sales of electric cars’ in UK
Environmental Concern,Battle to clean up the air we breathe
Environmental Benefit,Dyson to expand Wiltshire facility to boost electric-car tests
Environmental Benefit,London boroughs to impose ultra-low emission zones
Environmental Benefit,Electric cars exceed 1m in Europe as sales soar by more than 40%
Environmental Benefit,Kalashnikov takes on Tesla with retro-look electric 'supercar'
Economic Advantage,Powering ahead: the new breed of electric car clubs
Economic Advantage,Electric cars go like clockwork for me
Environmental Benefit,Electric vehicle chargepoint policy leaning on a lamp-post adaptation
Economic Advantage,Electric cars: a long way to go
Economic Advantage,"Cheap material could radically improve battery charging speed, say scientists"
Economic Challenge,UK electric car drivers face paying more to charge at peak times
Economic Challenge,"Tesla to open Shanghai electric car factory, doubling its production"
Economic Challenge,High streets will go on suffering until the digital economy pays more tax
Economic Challenge,Tesla finally hits weekly production target for Model 3 cars
Economic Challenge,What’s put the spark in Norway’s electric car revolution?
Environmental Benefit,BP buys UK's biggest electric car charger network for £130m
Environmental Concern,Pollutionwatch: let's rate exhaust fumes as also a lethal road risk
Environmental Concern,Cross-party MPs say government is dragging feet on air pollution
Environmental Concern,Sales of hybrid cars soar as diesels plunge by nearly a quarter
Environmental Concern,The latest weak attacks on EVs and solar panels
Environmental Benefit,"Yes, EVs are green and global warming is raising sea levels"
Environmental Concern,"California, battered by global warming’s weather whiplash, is fighting to stop it"
Environmental Concern,New law to tackle electric cars’ silent menace to pedestrians
Economic Challenge,Michael Gove leading plan to ban sale of new hybrid cars by 2040
Environmental Concern,Highly charged: complaints as electric car points block city pavements
Economic Challenge,Tesla shares fall more than 7% after company reports record loss
Economic Challenge,Ministers' £400m plan for electric car charging infrastructure delayed
Economic Challenge,UK drives into e-vehicle fast lane with 11% sales rise
Environmental Concern,Tesla factory to be investigated over safety concerns
Economic Challenge,Tesla halts Model 3 production as firm scrambles to improve automation
Environmental Benefit,World's first electrified road for charging vehicles opens in Sweden
Environmental Concern,EPA’s war with California proves America needs a carbon tax
Environmental Benefit,National Grid backs plan for earlier petrol and diesel ban
Environmental Benefit,"Hydrogen-powered transport key to climate targets, says Shell"
Environmental Concern,"Ban new petrol and diesel cars in 2030, not 2040, says thinktank"
Environmental Benefit,Greens electric car push: end sale of petrol and diesel vehicles by 2030
Environmental Concern,Rising threat of transport emissions
Economic Challenge,London black cabs hail Treasury for scrapping car tax
Economic Advantage,No big freeze in electric vehicles
Economic Challenge,Freezing Britain and the chill wind of austerity
Economic Challenge,"Lack of models, not charging points, 'holding back electric car market'"
Environmental Benefit,Energy storage leap could slash electric car charging times
Economic Challenge,Holden Commodore: first foreign model ‘missed opportunity’ to be hybrid
Environmental Benefit,BP to install charging points for electric cars at UK petrol stations
Environmental Benefit,Switching to electric cars is key to fixing America's 'critically insufficient' climate policies
Economic Challenge,Flat fare? Dodgy meter blocks rollout of London's electric cabs
Economic Challenge,Ford to invest $11bn and have 40 hybrid and fully electric vehicles by 2022
Environmental Concern,Murky defence of diesel does Britain’s troubled motor industry no credit
Environmental Benefit,VW is raising its profits forecast. Has it cleared the air over dieselgate already?
Environmental Benefit,Norway leads way on electric cars: 'it’s part of a green taxation shift'
Environmental Benefit,How green are electric cars?
Environmental Benefit,Electric and plug-in hybrid cars whiz past 3m mark worldwide
Environmental Benefit,Switch to electric transport will not lead to surge in power demand
Environmental Concern,BMW electric car ad banned over misleading 'clean car' claims
Economic Advantage,Electric cars already cheaper to own and run than petrol or diesel – study
Environmental Benefit,Treasury backs electric cars but makes limited moves on diesel
Economic Challenge,Breakfast at Tiffany’s is off the menu for me because of its racial stereotyping
Economic Challenge,Tesla Roadster: nine things we know about the 'smackdown to gasoline cars'
Environmental Benefit,Elon Musk unveils Tesla electric truck – and a surprise new sports car
Economic Challenge,Slump in UK car sales deepens as industry records 12% fall
Environmental Benefit,"Electric cars emit 50% less greenhouse gas than diesel, study finds"
Environmental Benefit,UK may consider electric vehicle subsidy to increase cycling
Environmental Benefit,World petrol demand 'likely to peak by 2030 as electric car sales rise'
Environmental Benefit,Oxford aims for world’s first zero emissions zone with petrol car ban
Environmental Benefit,Electric cars key to driving change in UK’s energy supply industry
Economic Advantage,Electric car owners 'can drive for free by letting energy firms use battery'
Environmental Concern,Dyson: industry experts cast doubt on electric car project
Economic Challenge,James Dyson to invest £2.5bn on 'radically different' electric car
Economic Advantage,Rise of the ebike: how going electric could revolutionise your ride
Economic Challenge,Driving force: are electric cars crowding out traditional engines?
Environmental Benefit,Elon Musk: Tesla electric lorry to be unveiled in late October
Environmental Concern,China to ban production of petrol and diesel cars 'in the near future'
Economic Challenge,Uber: London drivers must use hybrid or fully electric cars from 2020
Environmental Benefit,Jaguar Land Rover to make only electric or hybrid cars from 2020
Environmental Benefit,New Nissan Leaf has one-pedal driving mode for both accelerating and braking
Environmental Concern,Jet and lorry fuels made from rubbish to receive UK funding
Environmental Benefit,UK 'can halve oil imports by banning new petrol and diesel cars in 2030'
Environmental Concern,Nickel mining: the hidden environmental cost of electric cars
Environmental Benefit,The eco guide to Electric Vehicle hype
Environmental Concern,Electric cars are not the solution
Economic Advantage,Angela Merkel rival takes aim at German car chiefs
Environmental Benefit,"Rise of electric car solves little if driven by fossil fuels, warns windfarm boss"
Environmental Concern,The rise of electric cars could leave us with a big battery waste problem
Economic Advantage,Time to face up to the electric car revolution
Economic Challenge,Tesla drivers claim Model S distance record of 670 miles on one charge
Environmental Concern,Diesel has to die – there is no reverse gear on this
Environmental Benefit,The Guardian view on electric cars: they’ll change the world
Economic Challenge,"With political will, we could easily solve our transport problems"
Environmental Concern,London should lead in showing electric cars will not tackle air pollution
Environmental Concern,"Electric cars are not the answer to air pollution, says top UK adviser"
Economic Challenge,Tesla Model 3 doesn't have a key – and seven other things we learned
Environmental Concern,Electric cars are pollution shifters: we will need huge investment in generation capacity
Environmental Concern,"As the UK plans to phase out petrol cars, is Australia being left behind?"
Environmental Benefit,Queensland to build one of the world's longest electric vehicle highways
Economic Challenge,Is there enough electricity? National Grid reacts to fossil-fuel vehicle ban
Economic Advantage,'It's the future of motor travel': readers on driving electric vehicles
Environmental Concern,"The Guardian view on air pollution proposals: too little, much too late"
Environmental Benefit,"Fill your Boots basket, but not with condoms"
Economic Challenge,Treasury will need to plug gap in tax as drivers switch to electric cars
Environmental Benefit,Electric cars: everything you need to know
Economic Challenge,What will the car of 2040 be like?
Environmental Benefit,Tell us what it is like to drive an electric car or van where you live
Environmental Benefit,Electric cars may stall without a battery revolution
Environmental Benefit,Our electric car is driving on sunshine
Economic Challenge,"Pay-per-mile road tax plan wins £250,000 Wolfson economics prize"
Economic Advantage,Electric cars to account for all new vehicle sales in Europe by 2035
Economic Challenge,"Electric cars will fuel huge demand for power, says National Grid"
Environmental Benefit,I had that Queen Victoria in the back of my electric cab…
Environmental Benefit,Black cab turns green as all-new electric London taxi launches
Environmental Benefit,First Tesla Model 3 rolls off production line ... into the hands of Elon Musk
Environmental Benefit,Electric car revolution: calculating the cost of green motoring
Environmental Benefit,UK to fund research into letting electric cars return power to grid
Environmental Concern,France to ban sales of petrol and diesel cars by 2040
Environmental Benefit,Volvo signals carmakers' growing confidence in an electric future
Environmental Benefit,All Volvo cars to be electric or hybrid from 2019
Economic Challenge,Tesla teases new Model Y car as cheaper Model 3 nears production
Economic Advantage,Electric cars accelerate past 2m mark globally
Environmental Benefit,"Smaller, lighter, greener: are micro EVs the future of city transport?"
Environmental Benefit,Nissan launches British-made home battery to rival Tesla's Powerwall
Economic Challenge,TfL to spend £18m on preparing London for new electric black cabs
Economic Advantage,Electric flying car that takes off vertically could be future of transport
Environmental Concern,"UK unprepared for surge in electric car use, thinktank warns"
Economic Challenge,Sparks fly on Wall Street over Tesla’s current valuation
Environmental Benefit,"Driverless cars will make our roads safer, says Oxbotica co-founder"
Economic Advantage,Tesla charges ahead to overtake Ford in market value
Environmental Concern,"Fuel duty cut for diesel cars was wrong, says ex-chief science adviser"
Economic Challenge,"Do not let Brexit ruin car industry, urges chair of London Taxi Company"
Economic Advantage,Charge electric cars smartly to take pressure off national grid – minister
Environmental Benefit,Self-driving cars will change cities
Economic Challenge,Buy your new car now to save thousands of pounds ahead of excise hike
Economic Challenge,Eco road trip: Los Angeles to Las Vegas by Tesla
Economic Challenge,Not enough charging points for electric cars; fracking in Scotland economically marginal
Environmental Benefit,Power to the EV: Norway spearheads Europe's electric vehicle surge
Environmental Benefit,UK electric vehicle boom drives new car sales to 12-year high
Economic Challenge,Electric cars and cheap solar 'could halt fossil fuel growth by 2020'
Environmental Concern,"Electric cars will not stem global demand for oil, says BP"
Economic Advantage,"F1’s creativity could benefit society, if only government had more vision"
Environmental Concern,How to reduce your carbon footprint
Environmental Benefit,Reasons to be cheerful: a full switch to low-carbon energy is in sight
Economic Challenge,Twelve things you need to know about driverless cars
Environmental Concern,Renault to be investigated over diesel emissions 'cheating'
Environmental Concern,Dieselgate: UK motorists file class-action suit against VW
Economic Challenge,"Faraday Future takes on Tesla at CES with FF 91, the electric car that can learn"
Environmental Benefit,Why electric cars are only as clean as their power supply
Environmental Benefit,Electric cars as part of the surveillance state
Environmental Benefit,The trolling of Elon Musk: how US conservatives are attacking green tech
Economic Challenge,How electric car drivers are being overcharged
Environmental Benefit,More charge points needed urgently for switch to electric cars
Economic Advantage,Jaguar Land Rover's electric car plans could prove game-changer for industry
Economic Challenge,Business secretary says electric vehicles at heart of industrial strategy
Environmental Benefit,VW shifts focus to electric cars with US expansion plan
Environmental Benefit,Trump's influence on the future of clean energy is less clear than you think
Economic Challenge,Tesla announces new gigafactory in European expansion
Economic Challenge,The costly gridlock: how can we keep our cities moving?
Economic Challenge,Electric cars set to pass 2m landmark globally by end of 2016
Environmental Concern,Investors warn car industry over climate change
Environmental Benefit,Plans for an electric car charging point in every new home in Europe
Economic Advantage,Brighton gears up for new fleet of solar-powered buses
Environmental Concern,DOE charts show why climate doom and gloom isn't needed
Environmental Benefit,Renault says new Zoe has longest range of any mainstream electric car
Environmental Concern,New MIT app: check if your car meets climate targets
Economic Challenge,Electric cars could be charged at Shell service stations from 2017
Environmental Benefit,UK government 'falling behind' on electric car pledge
Economic Challenge,"Electric vehicle charge points to outnumber petrol stations by 2020, say Nissan"
Environmental Benefit,Cheap and clean: Australian company creates hydrogen with near-zero emissions
Environmental Benefit,Nissan Leaf 30kWh Tekna car review – ‘It’s relaxing’
Environmental Benefit,"Is it an e-bike, is it an e-car? No, it’s a bio-hybrid"
Environmental Benefit,The eco guide to electric vehicles
Economic Challenge,What's it like to drive with Tesla's Autopilot and how does it work?
Economic Challenge,Musk's Tesla makes a bid for Musk's SolarCity energy company
Environmental Concern,Tackling pollution: Beijing's electric bikes and buses - in pictures
Environmental Benefit,"Welcome to Formentera, the island that wants all its cars electric"
Environmental Concern,Carmageddon: can electric jeepneys ease Manila's traffic crisis?
Environmental Concern,Getting around the city: why electric rickshaws are the tuk of the town
Environmental Benefit,"Chargers, châteaux and the Channel Tunnel: can you really do a driving holiday in a Tesla?"
Environmental Benefit,"Formula E in Berlin, the world's first fully electric series – a photo essay"
Economic Advantage,Why Elon Musk says Hong Kong will be the 'beacon city' for electric cars
Environmental Benefit,"Dyson could become next Tesla with its electric car, says expert"
Economic Advantage,Japan now has more electric car charge points than petrol stations
Economic Challenge,Is the Tesla 3 the electric car that will change everything?
Environmental Concern,Elon Musk: 'We need a revolt against the fossil fuel industry'
Environmental Concern,VW and Shell accused of trying to block EU push for electric cars
Economic Challenge,Germany to give €1bn subsidy to boost electric car sales
Environmental Concern,"Diesel crisis deepens as German brands recall 630,000 cars"
Economic Challenge,Tesla Model X glitches lock owners out of cars
Economic Challenge,Is Apple's next product an electric car?
Environmental Benefit,New Zealand's largest bus company to retrofit fleet with electric engines
Environmental Benefit,Switch to low-carbon transport could 'save UK billions'
Economic Challenge,Tesla loses latest battle with Ecotricity
Economic Advantage,Tesla Model 3 pre-orders stack up as Elon Musk unveils lower-priced car
Environmental Concern,UK government deletes reference to Dyson electric car plans
Environmental Benefit,"Dyson developing an electric car, according to government documents"
Environmental Benefit,"Seattle's 'aggressive plan' to cut pollution with 15,000 electric vehicles"
Economic Challenge,Construction workers walk off Tesla's new Reno site in protest over pay
Environmental Benefit,The innovators: Skeleton car that is driving open-source design
Economic Challenge,Inside Faraday Future: is it really a big player in the future of electric cars?
Economic Advantage,Electric cars 'will be cheaper than conventional vehicles by 2022'
Economic Advantage,Aston Martin sets up electric car joint venture with Chinese group
Economic Challenge,Paris to launch electric moped hire scheme
Environmental Benefit,"E-bikes are reliable and healthy, so why aren't more people riding them?"
Environmental Benefit,Electric cars to use bus lanes in UK cities
Economic Challenge,"Detroit Motor Show day one: coupes, cabriolets and concept cars – in pictures"
Environmental Concern,Electric cars won't save our cities
Economic Challenge,UK demand soars for electric and hybrid vehicles
Environmental Concern,VW 'close to agreement with US regulators' over emissions scandal
Environmental Benefit,Ethical spending rose in 2014 but solar cuts could hit this year's figures
Economic Advantage,Plug-in car grant extended to 2018
Economic Advantage,Jaguar to join Formula E championship
Economic Challenge,Ford to invest £3bn in electric cars
Economic Challenge,Industrial designers predict the future of transportation in 100 years
Economic Challenge,Industrial designers predict the future of transportation in 50 years
Environmental Benefit,Elon Musk says robust carbon tax would speed global clean energy transition
Environmental Concern,VW labour boss says fresh emissions crisis has hit new car orders
Economic Advantage,Zac Goldsmith mayoral pitch takes shape with help from influential friends
Environmental Benefit,How do I ... reduce my carbon emissions?
Environmental Concern,VW's Audi suspends two engineers in emissions-rigging inquiry
Environmental Benefit,Tesla hits the gas on self-driving car tech
Environmental Benefit,Turning up the heat on Amber Rudd over renewable energy
Environmental Concern,VW diesel emissions investigation widened to include other brands
Environmental Concern,"VW repair bill rises as Germany says 540,000 recalled cars need hardware changes"
Environmental Concern,Are hydrogen cars the answer to our pollution woes? – video
Environmental Benefit,The future is here: mass-market hydrogen cars take to Britain's roads
Environmental Benefit,London's black cabs to go green with a little help from China
Environmental Benefit,What happens when Tesla’s AutoPilot goes wrong: owners post swerving videos
Environmental Concern,Two-thirds of Germans still trust Volkswagen after emissions scandal
Environmental Concern,VW to recall 8.5m diesel cars across Europe
Economic Challenge,Volkswagen announces £750m spending cuts to fund product revamp
Economic Challenge,"Can Tesla downshift from $130,000 SUVs to mass market electric cars?"
Environmental Concern,"VW scandal: two simple questions, two complex answers"
Environmental Concern,VW scandal: staff told all carmaker's investments are under review
Environmental Concern,"VW drivers in UK to escape higher emissions tax, government vows"
Environmental Concern,VW scandal widens as France and Italy launch deception inquiries
Environmental Concern,VW sold new cars with defeat devices in UK even after scandal broke in US
Environmental Concern,"UK government wrong to subsidise diesel, says former minister"
Environmental Benefit,Tesla's Model X electric car spreads falcon wings at US launch
Environmental Benefit,Tesla Model X: Elon Musk launches first all-electric SUV
Economic Challenge,Could the Volkswagen scandal power an electric car breakthrough?
Environmental Benefit,Elon Musk unveils Tesla’s Model X – video
Environmental Concern,VW owners can expect recall information this week
Environmental Concern,German government 'unaware of VW emissions manipulation' – video
Environmental Concern,Volkswagen: German prosecutors launch investigation into former boss
Environmental Concern,VW urged to come clean over which UK diesel vehicles are affected
Environmental Benefit,New VW chief Matthias Müller: I will do all I can to win back trust - video
Environmental Concern,VW scandal: staff suspended as car giant appoints new CEO
Environmental Concern,Volkswagen scandal – seven days that rocked the German carmaker
Environmental Concern,VW scandal: UK to rerun emissions tests
Environmental Concern,VW faces deluge of UK legal claims over emissions tests
Environmental Benefit,A dying Californian shopping mall gets the world's largest green roof
Environmental Benefit,"Clean and green, but an electric car can give a driver some shocks"
Economic Challenge,Car sales surge 10% in August to highest level in eight years
Economic Advantage,'Electric motorways' could power the cars of the future
Economic Advantage,The innovators: cheaper batteries could help electric cars hit the mainstream
Environmental Benefit,Tesla’s Model X electric SUV will be available to buy in September
Economic Challenge,"Queensland plans 1,600km string of fast-charging stations for electric cars"
Environmental Benefit,Chinese-built zero-emissions electric bus prepares for service in London
Economic Challenge,On the road: BMW i3 – car review
Economic Advantage,Elon Musk: upgrade to Tesla Model S car makes it 'faster than falling'
Environmental Benefit,"We can make a greener, more liveable London and expand Heathrow"
Economic Challenge,EU states call for tough new car fuel efficiency targets
Environmental Benefit,Electric 'robocabs' would reduce US greenhouse emissions by 94% – study
Economic Challenge,"Electric car grant: time is short before they pull the plug on £5,000 giveaway"
Environmental Concern,Are we on the brink of an electric car revolution?
Environmental Concern,The UK must be at the centre of the fight to limit climate change
Economic Challenge,Meet the conductor: London set to trial first all-electric doubledecker bus
Environmental Concern,On the road: VW Golf GTE - car review
Economic Challenge,"Move out Formula One, hello Formula E: UK race first to use solar-charged cars"
Environmental Concern,The ethics of AI: how to stop your robot cooking your cat
Economic Challenge,Biodegradable batteries and induction charging cars: five tech trends to watch
Environmental Benefit,It’s Prost v Senna again – and this time the racing really is electric
Environmental Benefit,Google to begin testing purpose-built self-driving cars on public roads
Environmental Benefit,'The cycling revolution could not happen sooner': readers discuss the future of cars in cities
Economic Challenge,Will Tesla's home battery really transform our energy infrastructure?
Economic Challenge,Markets braced for Tesla's expected move into electric storage business
Environmental Benefit,"Tesla's $13,000 battery could keep your home online in a blackout"
Economic Challenge,Google almost bought Tesla when it had just two weeks of cash left
Environmental Benefit,Toyota’s electric three-wheeled car takes the i-Road to combat Tokyo’s pollution – video
Environmental Benefit,Is aluminium the answer to all our battery prayers?
Environmental Benefit,"Tesla delivers 10,000 electric vehicles in first quarter of 2015"
Economic Challenge,Taxis! Black cabs jobs boost for Coventry
Environmental Concern,‘A wrong move means instant death’: how to power your home with a hacked car battery
Economic Challenge,Dyson invests $15m in technology that may double smartphone battery life
Environmental Benefit,Ministers' cars to be swapped for electric versions in green drive
Economic Challenge,"Electric cars could cut oil imports 40% by 2030, says study"
Environmental Benefit,Nissan Leaf review: a clean set of wheels
Environmental Benefit,Byron Bay first regional Australian city to commit to zero emissions
Environmental Concern,Dead phone battery? Welcome to the tiny charger that ends a big problem
Economic Advantage,Apple hiring spree indicates the company is working on an electric car
Environmental Benefit,UK led Europe's electric car surge in 2014
Environmental Benefit,Chevy introduces new electric Bolt said to get 200 miles per charge
Environmental Benefit,Green vehicle demand revs up as UK electric car sales quadruple
Environmental Benefit,How Georgia became the biggest electric vehicle market in the US
Environmental Benefit,Tesla begins selling electric vehicles in Australia and plans charging network
Environmental Benefit,The Strati: a 3D-printed electric car that could be built in 24 hours
Economic Advantage,Money no object? The Christmas gift guide for the gadget fan who has it all
Environmental Benefit,Toyota hopes to recreate Prius success with hydrogen-powered Mirai
Environmental Benefit,UK electric car sales surge in 2014
Environmental Concern,Boris Johnson's diesel car scrappage scheme could cost £300m
Environmental Benefit,London to get hybrid buses that could charge wirelessly
Environmental Benefit,"Big power out, solar in: UBS urges investors to join renewables revolution"
Economic Advantage,Volvo and Renault lead way as electric car sales double in EU
Environmental Concern,10 reasons to be hopeful that we will overcome climate change
Environmental Concern,"UK on track to miss carbon targets, climate change advisers warn"
Environmental Benefit,China makes new electric cars tax-free
Economic Challenge,Electric ‘Boris cars’ are coming to London – how do they work in Paris?
Environmental Benefit,The road to renewables: finding a sustainable fuel source
Economic Challenge,Formula E: do the guilt-free thrills of electric car racing herald a new era for motor sport?
Economic Advantage,Formula E racing 'makes electric cars more sexy' - video
Environmental Benefit,Tesla hands over the keys to its electric car technology
Economic Challenge,Electric vehicles: how can brands get consumers behind the wheel?
Environmental Benefit,Tesla Model S launch: an electric car to answer even Clarkson's objections
Economic Challenge,Google's self-driving car: How does it work and when can we drive one?
Environmental Benefit,The first generation of self-driving cars - in pictures
Economic Challenge,Self-driving cars face a long and winding road to success
Economic Challenge,Tesla Motors accused of bullying to grab key car charging sites in the UK
Economic Challenge,Electric car sales speed up as UK plugs in to global trend
Environmental Benefit,New cars meet EU emission targets two years early
Environmental Concern,Madrid's smart parking meters to charge more for most polluting cars
Economic Challenge,Vauxhall Ampera: car review
Economic Challenge,VW e-up!: car review
Environmental Benefit,Electric cars aren't seen as aspirational; new 'Formula E' could help
Economic Challenge,Tycoon Vincent Bolloré to back London electric car hire scheme
Environmental Benefit,Fold-up and one-seater cars are coming to a city near you
Economic Advantage,Cheap batteries will revolutionise the renewable energy market
Environmental Benefit,Amory Lovins: energy visionary sees renewables revolution in full swing
Environmental Concern,Norway has fallen in love with electric cars – but the affair is coming to an end
Economic Advantage,Carbon targets can help UK 'save £85bn a year'
Environmental Benefit,Los Angeles and Tokyo Motor Shows - in pictures
Economic Advantage,Microgeneration is the way ahead
Environmental Concern,Workers burned at Tesla car plant
Economic Challenge,"Electric car sales at record high in UK, figures show"
Economic Challenge,12 interesting things we learned from Tesla's Elon Musk this week
Environmental Benefit,Fuel cell farming in London - video
Environmental Benefit,Eight US states pledge to get 3.3m zero-emission cars on roads by 2025
Economic Challenge,Elon Musk: oil campaign against electric cars is like big tobacco lobbying
Environmental Benefit,Tesla Model S test drive in London: 'the opposite of every electric car stereotype' - video
Economic Challenge,Does the government really understand e-bikes?
Economic Advantage,Future of racing? Formula E unveils fully-electric car - video
Environmental Benefit,Ford Focus Electric launched in the UK
Environmental Benefit,BMW unveils new i3 electric car - video
Environmental Benefit,Electric car charge firm Chargemaster to float on London market
Economic Challenge,Will electric cars ever enter the mainstream?
Economic Advantage,Paul Drayson breaks electric car land speed world record - video
Environmental Benefit,Tesla to triple supercharger stations for coast-to-coast car trips
Environmental Benefit,Are electric vans green?
Environmental Benefit,Electric car market ready for fresh charge as Nissan Leaf breezes in
Economic Advantage,UK fuel sales plummet as motorists embrace efficiency
Environmental Benefit,Call for 'green badges' and free parking for electric cars
Environmental Benefit,Peugeot's Hybrid Air: the car of the future that runs on air
Economic Advantage,Obama calls for clean fuel innovation from car companies
Economic Challenge,"Car manufacturers manipulating fuel efficiency tests, says report"
Environmental Concern,Electric cars and the growing fuel crisis
Economic Challenge,"Electric cars not mass-market solution, says Jaguar Land Rover chief"
Environmental Concern,Senior Lib Dems to join cross-party rebellion on decarbonisation targets
Economic Advantage,Estonia launches national electric car charging network
Environmental Concern,Electric cars: it's a chicken and egg issue
Economic Challenge,Tesla electric car row goes up a gear as New York Times journalist hits back
Environmental Benefit,India named least green country for electric cars
Environmental Concern,Boris Johnson's climate flippancy translates into policy failure
Economic Challenge,Electric car sales accelerated in 2012
Economic Challenge,Electric car sales in UK expected to double in 2013 as prices start to fall
Environmental Benefit,Sexier electric vehicles – without the range anxiety
Environmental Benefit,Lotus Evora 414E: behind the wheel of an electric sports car
Economic Advantage,Shai Agassi quits board of Better Place
Economic Challenge,What's the 'hydrogen economy'?
Environmental Concern,Are electric cars bad for the environment?
Environmental Concern,'Nemesis' breaks electric car land speed record
Environmental Concern,Nemesis breaks electric car UK land speed record – video
Environmental Benefit,The race to make an electric car that charges as quickly as a petrol one
Environmental Concern,Electric car school helps motorists conquer 'range anxiety' - video
Environmental Benefit,Electric cars: is now the time to plug in?
Environmental Benefit,Prototype of electric London black cab unveiled
Environmental Benefit,The future of energy - video
Environmental Benefit,The Revenge of the Electric Car: watch an exclusive clip - video
Environmental Concern,Revenge of the Electric Car – review
Environmental Concern,Pollutionwatch: Diesel cars emit more nitrogen oxides than petrol cars
Environmental Concern,Fuel duty U-turn highlights need for full service of motoring policy
Economic Challenge,Saab saved from bankruptcy to make electric cars
Environmental Benefit,New cars in Europe will have to cut carbon emissions by a third
Environmental Concern,Are drivers really being 'punished for going green'?
